latitude,longitude,mean_solar_incidence_kwh_m2_per_hour,rank
46.7,10.7,2.3118345568032783,1
46.6,10.6,2.304563831830601,2
46.5,10.5,2.292172362295082,3
46.5,10.4,2.2865431325136614,4
46.8,10.7,2.285850434535519,5
46.7,10.6,2.284379790819672,6
46.6,10.5,2.2836869310109287,7
46.6,10.7,2.2827329069945357,8
46.5,10.6,2.2729494072404375,9
46.5,10.3,2.2609524896448083,10
46.6,10.4,2.2468132342349727,11
46.7,10.5,2.236656184945355,12
46.5,10.2,2.236445165327869,13
46.8,10.6,2.2349808249180327,14
46.5,10.7,2.2338848020491806,15
46.4,10.5,2.2305072287978143,16
46.6,10.3,2.221312241939891,17
46.4,10.4,2.2145390170765027,18
46.5,10.1,2.2131197384153003,19
46.4,10.6,2.202169919262295,20
46.6,10.2,2.2011960679508196,21
46.7,10.4,2.1974142184699454,22
46.5,10.0,2.1914667509836065,23
46.4,10.3,2.190152510546448,24
46.8,10.5,2.18407020568306,25
46.9,10.7,2.182957006803279,26
46.6,10.1,2.1809656638797814,27
46.5,9.9,2.170501669918033,28
46.7,10.3,2.1702472052732245,29
46.3,10.5,2.168157586912568,30
46.0,7.8,2.165728175382514,31
46.4,10.7,2.164929541284153,32
46.4,10.2,2.1647082548907104,33
46.0,7.6,2.16350922284153,34
46.0,7.7,2.1617956675409835,35
46.6,10.0,2.1612669517213114,36
45.9,7.6,2.160215756147541,37
45.9,7.7,2.1583853663661206,38
45.9,7.8,2.155481455355191,39
46.7,10.2,2.1552557315846994,40
46.0,7.9,2.154907463497268,41
46.0,7.5,2.1529112666120223,42
46.8,10.4,2.1516457082786884,43
45.9,7.5,2.1510738239071037,44
46.5,9.8,2.147066297295082,45
45.9,7.9,2.1466578724316943,46
46.1,7.9,2.144941973579235,47
46.4,10.1,2.144484298142076,48
46.3,10.4,2.144186717021858,49
46.9,10.6,2.139196629918033,50
46.6,9.9,2.139052704672131,51
46.7,10.1,2.139028787240437,52
46.1,7.8,2.1357843734699458,53
46.4,10.0,2.1348551062021857,54
46.1,8.0,2.134173035245902,55
46.3,10.6,2.133592389453552,56
46.0,8.0,2.1320088910655737,57
46.0,7.4,2.1315417807377046,58
45.9,7.4,2.1281833390710383,59
46.4,9.9,2.12573548215847,60
46.8,10.3,2.124465988333333,61
46.2,7.9,2.121358097732241,62
46.7,10.0,2.1209552826229507,63
46.1,7.7,2.1189582544808743,64
46.5,9.7,2.117383127677596,65
46.3,10.3,2.116903644153006,66
46.1,7.6,2.1157480526502734,67
46.2,7.8,2.1104086545628418,68
46.6,9.8,2.110068175819672,69
46.2,8.0,2.1097785838251366,70
46.8,10.2,2.109559473797814,71
45.9,8.0,2.1058984569398906,72
46.1,7.5,2.1053504878688525,73
46.4,9.8,2.1050978036885244,74
46.3,10.7,2.0994138720491806,75
45.8,7.6,2.0979638518579233,76
46.0,7.3,2.097851774344262,77
46.2,10.5,2.0977935853825134,78
46.9,10.5,2.0973923163934423,79
45.7,6.8,2.0953968276775954,80
45.8,7.7,2.0953716054371583,81
46.3,7.9,2.094963564617486,82
46.2,8.1,2.094728464945355,83
46.8,10.1,2.094556502978142,84
45.9,7.3,2.0943963510382515,85
46.2,7.7,2.0942144752459018,86
46.1,8.1,2.093457376775956,87
46.7,9.9,2.0927909397814206,88
45.8,7.5,2.090277700546448,89
45.8,7.8,2.090088494180328,90
46.3,10.2,2.0898441534153003,91
46.5,8.2,2.0884136906557376,92
45.7,6.9,2.0882866122131145,93
46.1,7.4,2.0868329486338797,94
46.5,8.3,2.0857399620491806,95
46.3,8.0,2.0851445492622953,96
46.3,7.8,2.0844947177322406,97
46.5,9.6,2.0810364457650277,98
46.4,8.2,2.080530401010929,99
45.8,6.9,2.080371176912568,100
47.0,10.7,2.07991473636612,101
45.8,7.9,2.0793133557923498,102
46.2,10.4,2.0792097100273224,103
45.7,7.0,2.0789242521311473,104
45.8,7.0,2.078447209590164,105
45.7,6.7,2.078440987431694,106
46.2,7.6,2.077570092923497,107
46.9,10.4,2.077378184699454,108
46.4,8.3,2.076957575409836,109
46.2,10.6,2.076615315300547,110
46.3,8.1,2.0757842963934428,111
46.2,8.2,2.0757430683060107,112
46.6,9.7,2.075548438907104,113
46.5,8.1,2.075547836557377,114
45.8,6.8,2.0745238468579235,115
46.5,8.4,2.074292507814208,116
46.8,10.0,2.0740313831420765,117
46.3,10.1,2.0739548571311475,118
46.4,9.7,2.073154089863388,119
46.0,8.1,2.0728736334153006,120
46.3,8.2,2.0720040734153007,121
46.0,7.2,2.0697544021038254,122
46.3,7.7,2.0695015828961747,123
46.3,10.0,2.069226449726776,124
45.7,7.1,2.0682651324590164,125
46.4,8.1,2.0682619083606557,126
45.8,7.1,2.0679149719945356,127
46.4,7.9,2.067340266174863,128
46.3,8.3,2.0669438902459016,129
46.3,9.9,2.0661868684153006,130
45.9,7.0,2.065713115901639,131
45.8,7.4,2.0653164016666667,132
45.9,7.1,2.064195981830601,133
45.9,7.2,2.0639424247267764,134
46.9,10.3,2.0634065905191252,135
46.5,8.0,2.062688893387978,136
45.8,8.0,2.0620937403005466,137
46.4,8.0,2.0615327306010927,138
46.5,8.5,2.060600205327869,139
46.2,7.5,2.060595763579235,140
46.4,7.8,2.0604682503551914,141
45.9,6.9,2.0604574507103828,142
46.7,9.8,2.0595173891530054,143
46.4,8.4,2.0592440925136613,144
46.3,9.8,2.058349408907104,145
45.8,6.7,2.057791416939891,146
46.2,10.3,2.0571365505191257,147
46.1,8.2,2.0569276122950817,148
45.7,7.2,2.0560629676229505,149
45.8,7.2,2.055680151557377,150
45.8,7.3,2.0542188009289615,151
46.1,7.3,2.053655620081967,152
45.7,6.6,2.0534812422677593,153
47.0,10.6,2.052775703306011,154
46.3,7.6,2.0519436882240436,155
46.9,10.2,2.050874775765027,156
45.9,6.8,2.0504504192349726,157
46.5,7.9,2.0496941892896174,158
45.9,8.1,2.047700420601093,159
46.0,7.1,2.0465868385245902,160
46.5,8.6,2.0457652058743174,161
46.2,10.7,2.045449075027322,162
46.2,7.4,2.045273092568306,163
45.7,7.3,2.0434995134972676,164
46.4,7.7,2.04345607068306,165
46.5,9.5,2.0430053842349727,166
46.8,9.9,2.0419753618032788,167
46.4,8.5,2.041059100409836,168
46.2,8.3,2.039716897349727,169
46.6,9.6,2.0376171734153004,170
46.6,8.3,2.037266351229508,171
46.4,9.6,2.037130012431694,172
45.8,8.1,2.036576081748634,173
46.5,7.8,2.0359961851092896,174
46.6,8.4,2.0359256519945355,175
46.9,10.1,2.0358934058469944,176
45.9,6.7,2.0355017384153005,177
45.7,7.5,2.0352952551639345,178
46.3,8.4,2.034893267568306,179
46.1,7.2,2.034820098497268,180
46.5,8.7,2.0347513368579238,181
45.7,7.6,2.034273861065574,182
46.1,10.5,2.0336771892076504,183
46.0,7.0,2.033569784234973,184
46.3,7.5,2.033396001830601,185
45.8,6.6,2.031933654398907,186
46.3,9.7,2.0318421983060113,187
46.1,10.4,2.0314040888797815,188
47.0,10.5,2.0306108451639346,189
46.1,10.3,2.030602303469945,190
45.7,7.4,2.0303167354918035,191
45.7,7.7,2.0298144856284153,192
46.2,10.2,2.0291413215027325,193
46.5,8.8,2.028064504153005,194
46.6,8.2,2.02769995215847,195
46.1,10.6,2.026218771775956,196
46.0,6.9,2.0261579615300547,197
46.4,7.6,2.0251256552459016,198
45.7,7.8,2.024518616338798,199
46.2,7.3,2.0239100584153005,200
45.7,6.5,2.022913552852459,201
46.6,8.5,2.022724380956284,202
46.7,9.7,2.0216574491530053,203
46.5,8.9,2.02141367647541,204
46.0,8.2,2.0179152793715844,205
46.5,7.7,2.0168375966120218,206
46.6,8.6,2.0166791936612025,207
46.1,7.1,2.0163470803005468,208
46.6,8.7,2.0161692117759564,209
46.0,6.8,2.0159969495355194,210
47.1,10.7,2.015547134808743,211
46.5,9.0,2.0152245747540984,212
46.3,7.4,2.0149392692076504,213
46.2,10.1,2.0146027872404373,214
45.7,7.9,2.0140471090437155,215
46.9,10.0,2.01345486215847,216
46.2,9.8,2.0113690279508196,217
46.6,8.1,2.011162611693989,218
46.1,10.7,2.010737483579235,219
46.2,9.9,2.0103569834699453,220
47.0,10.4,2.0102993857923495,221
46.1,8.3,2.010096561967213,222
46.6,8.8,2.009700901338798,223
46.5,9.1,2.0096328953551916,224
46.2,10.0,2.009366079043716,225
45.9,6.6,2.008891910928962,226
46.6,9.5,2.0072362386885247,227
46.4,7.5,2.0059401128415297,228
46.4,9.5,2.005668248306011,229
46.2,7.2,2.0051102450819673,230
46.5,9.4,2.005013342322404,231
46.8,9.8,2.0047595783606558,232
46.5,9.2,2.004500933989071,233
45.8,6.5,2.0030366439890708,234
46.6,8.9,2.0028762624590164,235
46.1,10.2,2.0027081090163934,236
46.3,9.6,2.002381043934426,237
46.5,9.3,2.002217468032787,238
46.0,6.7,2.001513536229508,239
46.4,8.6,2.0001351976502733,240
45.7,8.0,1.9999031444262292,241
46.2,9.7,1.999367785874317,242
46.6,8.0,1.9983194696721314,243
46.1,7.0,1.9982134177868853,244
46.5,7.6,1.9976691849180324,245
47.0,10.3,1.9973620653825137,246
46.3,7.3,1.996359897978142,247
46.2,8.4,1.9962732884426226,248
46.6,9.0,1.9939340823497267,249
47.1,10.6,1.9937601943169398,250
45.7,6.4,1.9922979979371582,251
45.9,8.2,1.9901499456830598,252
46.6,7.9,1.9891841427868855,253
46.7,8.4,1.9884572905464484,254
46.3,8.5,1.988177205355191,255
46.4,7.4,1.9877460607103825,256
46.1,10.1,1.9874973965300546,257
46.7,8.7,1.9872915371311473,258
47.0,10.2,1.986731392759563,259
46.2,7.1,1.986710908169399,260
46.7,8.5,1.9855792457923498,261
46.7,8.6,1.9849677835519124,262
46.1,6.9,1.984706573852459,263
46.6,9.1,1.9846679444262294,264
46.4,8.7,1.9844251204098362,265
46.7,9.6,1.9837723530054645,266
46.9,9.9,1.9835232755191257,267
45.7,8.1,1.9834108700437159,268
46.4,8.8,1.9833561271311475,269
46.7,8.8,1.9831515913934428,270
46.1,8.4,1.9830507721311474,271
46.1,10.0,1.9829786386612023,272
46.1,9.9,1.9824488722131148,273
45.9,6.5,1.9819807869398907,274
46.4,9.4,1.9812867434153008,275
46.2,9.6,1.9811351931420764,276
46.7,8.3,1.9807113766939892,277
46.6,7.8,1.9806266040983607,278
46.3,9.5,1.9804269713661202,279
46.1,9.8,1.979954219535519,280
46.5,7.5,1.978581592103825,281
45.8,8.2,1.9784748784972679,282
46.6,9.2,1.9784305877322403,283
46.4,8.9,1.9782710464754099,284
46.3,7.2,1.977594782349727,285
45.7,6.3,1.9770537611065573,286
46.6,9.4,1.9768577369398905,287
46.7,8.9,1.9759070398907104,288
47.0,10.1,1.9752869863661204,289
46.6,9.3,1.97501805,290
46.0,6.6,1.9746866829508198,291
46.0,10.3,1.974085471065574,292
46.1,6.8,1.9733893999453551,293
46.0,10.4,1.9729716381420768,294
45.8,6.4,1.9724886959972678,295
46.4,9.0,1.9720983205737703,296
46.1,9.7,1.9720618753005466,297
47.1,10.5,1.971341921284153,298
46.0,8.3,1.9709003881693985,299
46.8,9.7,1.9705371874590163,300
46.4,9.3,1.9704618414480877,301
46.4,7.3,1.9695490553825137,302
46.0,10.5,1.9688649349453553,303
46.2,7.0,1.9685691569398907,304
46.4,9.1,1.9673339363934426,305
45.7,6.2,1.9663678816775956,306
46.6,7.7,1.9644883238797815,307
46.0,10.2,1.9642426590437159,308
46.4,9.2,1.9641772872404373,309
46.7,9.0,1.963846587622951,310
46.7,9.5,1.9635600134426228,311
46.7,8.2,1.963489510546448,312
46.0,10.6,1.9620732357923496,313
46.3,9.4,1.9604526608469945,314
46.5,7.4,1.960382639945355,315
46.1,6.7,1.9601433995081967,316
46.3,7.1,1.9592456701639342,317
46.2,9.5,1.959139757568306,318
46.1,9.6,1.959139603306011,319
45.8,6.3,1.9584731892896174,320
46.0,10.1,1.9584012119398908,321
45.7,8.2,1.9561075146174864,322
45.7,6.1,1.9558968971174862,323
45.9,6.4,1.9556300813934426,324
46.0,10.0,1.9550148349726777,325
47.0,10.0,1.953791979808743,326
46.0,9.9,1.952497390081967,327
46.0,10.7,1.9522846926775956,328
47.2,10.7,1.952234692295082,329
46.7,9.1,1.9521610579234971,330
46.8,8.7,1.9520384153825137,331
46.4,7.2,1.9510234437978142,332
46.0,6.5,1.9506594889207651,333
46.2,6.9,1.950599998989071,334
45.7,6.0,1.9504765121885248,335
46.8,8.8,1.9497349752459014,336
46.8,8.6,1.9496096070765028,337
47.1,10.4,1.9494504648907105,338
46.7,9.4,1.9489919372677598,339
45.8,6.2,1.9486403183333332,340
46.0,9.8,1.9485732153005464,341
46.9,9.8,1.9475725769125682,342
46.8,8.5,1.947258417896175,343
46.8,8.9,1.9471110947814207,344
47.2,10.6,1.9465719368306011,345
46.2,8.5,1.946245410136612,346
46.6,7.6,1.9461910798360658,347
45.9,8.3,1.9455217332786883,348
46.3,9.3,1.945168414180328,349
46.7,9.2,1.9449887252185791,350
46.0,8.4,1.9442625548907102,351
46.7,9.3,1.9437070507923495,352
45.9,6.3,1.9428106528306013,353
45.8,6.1,1.9423712508060111,354
46.0,9.7,1.9423340543442624,355
46.5,7.3,1.9422290951366121,356
46.7,8.1,1.942089179945355,357
45.7,9.8,1.9419024772677596,358
45.7,5.9,1.9418889039617484,359
46.3,7.0,1.9411405321038253,360
45.8,9.9,1.940457502076503,361
46.8,8.4,1.9397548442622952,362
45.8,6.0,1.9397203196994535,363
46.2,9.4,1.9396411050546447,364
45.8,10.0,1.9396193743715848,365
45.9,10.1,1.9396114765573773,366
45.9,10.0,1.9394370065300546,367
45.7,9.9,1.9393425479781419,368
46.1,9.5,1.9391543104371585,369
45.7,8.3,1.9388720946994535,370
46.3,8.6,1.9387364584153006,371
45.9,10.2,1.9387152792896174,372
47.1,10.3,1.9384532683879783,373
45.8,9.8,1.9383027797540981,374
46.1,8.5,1.9378808102185794,375
45.9,9.9,1.9378432165846995,376
45.9,10.3,1.9375678074316938,377
45.9,6.2,1.936822426,378
45.9,10.4,1.936432510601093,379
45.7,10.0,1.9364271244808744,380
45.8,10.1,1.9363436997814205,381
45.8,8.3,1.936166424590164,382
45.8,5.9,1.9357912115437161,383
45.7,9.7,1.9351290059289616,384
46.8,9.0,1.9350815400819672,385
46.3,9.2,1.9350687413934426,386
45.7,5.8,1.9349330872404373,387
45.9,6.1,1.9345851551256832,388
45.8,10.2,1.9345564430601092,389
46.3,8.9,1.9343898333060108,390
46.1,6.6,1.9341843125273226,391
45.9,9.8,1.934108646557377,392
45.7,10.1,1.9333652992622952,393
46.2,6.8,1.9331061604918032,394
45.8,10.3,1.9330950002185796,395
46.6,7.5,1.932906381557377,396
45.9,10.5,1.9328915234699455,397
45.7,9.6,1.9327938754262295,398
46.8,9.6,1.9327031995901638,399
46.4,7.1,1.9326498693989071,400
46.0,6.4,1.932429096622951,401
45.9,6.0,1.932135116543716,402
45.8,10.4,1.9315825737704917,403
45.7,10.2,1.9312784394262292,404
46.3,8.8,1.9312771898907104,405
45.8,5.8,1.9305964886885247,406
45.7,10.7,1.9303141823224046,407
45.7,9.5,1.9300514819398908,408
47.0,9.9,1.9298814634426231,409
45.8,9.7,1.9298498534699453,410
45.7,10.3,1.9298321485519128,411
46.0,9.6,1.9295292463387979,412
46.0,6.3,1.9293516295409838,413
45.8,10.5,1.9291484834153005,414
46.3,9.0,1.9288642926229507,415
46.6,7.4,1.928708317513661,416
46.3,9.1,1.9285504972677594,417
45.7,10.6,1.928526147896175,418
45.7,10.4,1.9284626901092898,419
46.3,8.7,1.9281074410382513,420
47.1,10.2,1.928003904863388,421
45.9,5.9,1.9279986731530054,422
46.8,9.5,1.9274195396448086,423
47.2,10.5,1.9273067886885247,424
45.7,9.4,1.9272138743989071,425
45.7,10.5,1.9271112563934425,426
45.9,9.7,1.9270980246284153,427
46.0,6.2,1.925836865532787,428
45.9,10.6,1.9255114143442624,429
46.7,8.0,1.9253261461202187,430
46.5,7.2,1.9241638927868852,431
46.2,9.3,1.9238154909836063,432
46.0,6.1,1.9236421011338798,433
45.9,5.8,1.9235669058852458,434
45.7,9.3,1.9235648795628415,435
46.9,9.7,1.9234978668579235,436
46.3,6.9,1.9232332000000003,437
46.8,9.1,1.923038454262295,438
46.8,8.3,1.9229615684972676,439
46.2,6.7,1.9226285474590163,440
46.1,6.5,1.922425323224044,441
46.8,9.4,1.9217367531420766,442
46.0,6.0,1.9214075598907103,443
45.8,10.6,1.920913727240437,444
46.1,9.4,1.9207350455191259,445
45.8,9.6,1.9207229736885247,446
45.7,8.4,1.9196670870628412,447
45.7,9.2,1.9194944029508196,448
45.9,8.4,1.9188567789071038,449
46.7,7.9,1.9182519916393441,450
47.1,10.1,1.9176088062568308,451
46.0,5.9,1.917027681256831,452
46.8,9.3,1.9165383263934428,453
45.9,10.7,1.9164057770491805,454
45.8,10.7,1.9160286586612023,455
46.8,9.2,1.9155368169672133,456
46.0,9.5,1.9154580360928963,457
45.7,9.1,1.9154095562021858,458
46.0,8.5,1.9151771104371582,459
46.4,7.0,1.915143035191257,460
46.6,7.3,1.9149292999726777,461
45.9,9.6,1.9148380501639344,462
46.1,6.4,1.9145369472677598,463
46.2,9.2,1.9133580952732243,464
45.8,9.5,1.913026403510929,465
45.7,8.5,1.912788718046448,466
46.0,5.8,1.9126062802459018,467
46.7,7.8,1.912535720273224,468
46.9,8.9,1.9124893724043714,469
45.7,9.0,1.9121843489726777,470
46.1,6.3,1.911542707021858,471
46.1,6.2,1.9110762421748633,472
45.8,8.4,1.910392336748634,473
45.8,9.4,1.9102759459153005,474
46.1,6.1,1.9098823954098358,475
46.2,6.6,1.9098645847814208,476
45.7,8.9,1.9094006148360654,477
45.7,8.8,1.9075326925136613,478
46.1,6.0,1.9074636519016392,479
45.7,8.6,1.9072814081830605,480
47.2,10.4,1.9071871798087432,481
47.1,10.0,1.906971058169399,482
46.9,8.8,1.9069446586885246,483
46.7,7.7,1.9065131437978144,484
45.8,9.3,1.9065014200546446,485
46.9,9.0,1.9064546738797814,486
46.5,7.1,1.9063852540710384,487
46.3,6.8,1.9060614290710383,488
47.0,9.8,1.905999393087432,489
45.7,8.7,1.9056173390710383,490
46.1,9.3,1.9049763250819671,491
46.9,9.6,1.9040523677868852,492
46.1,5.9,1.9032769207923497,493
46.2,6.5,1.903128999781421,494
46.2,9.1,1.902917913032787,495
45.8,9.2,1.9024995373360658,496
45.9,9.5,1.9020325720765026,497
46.0,9.4,1.9012485040163936,498
46.8,8.2,1.900259607240437,499
46.9,9.5,1.9001004618579234,500
46.1,5.8,1.8993680787978142,501
46.6,7.2,1.8990590945355195,502
45.8,9.1,1.8984564791666667,503
45.8,8.5,1.8983422354234973,504
46.9,9.1,1.8983157019125685,505
46.2,6.4,1.897982802786885,506
46.4,6.9,1.8977020833606557,507
46.9,8.7,1.8976590871311476,508
46.9,9.4,1.896703132568306,509
46.3,6.7,1.8964778887978142,510
46.2,8.6,1.8962242267213114,511
46.2,9.0,1.8961877756010925,512
46.1,9.2,1.895736644453552,513
45.8,9.0,1.8952057594808742,514
45.9,8.5,1.8949901266939888,515
47.2,10.3,1.8948011894535521,516
46.2,6.3,1.894751980956284,517
46.2,6.2,1.8947517504644809,518
46.2,6.1,1.894736011953552,519
45.9,9.4,1.894295247295082,520
47.1,9.9,1.8934697838251364,521
46.2,6.0,1.8933510990983606,522
45.8,8.9,1.8929706319808743,523
46.7,7.6,1.892662935327869,524
46.1,8.6,1.8926601897814208,525
46.2,8.9,1.8924718402459018,526
46.3,6.6,1.8920493186885243,527
46.9,9.3,1.892032037377049,528
45.8,8.6,1.8918431632786885,529
45.8,8.8,1.8914206248360654,530
46.9,8.6,1.8901870050546448,531
46.2,5.9,1.8900289301912572,532
46.0,8.6,1.889691286557377,533
46.5,7.0,1.8895448899836065,534
45.8,8.7,1.8895063734153006,535
45.9,9.3,1.8894830955737707,536
46.2,8.8,1.8893173454371583,537
46.1,9.1,1.888800900628415,538
46.2,8.7,1.8885247734153003,539
46.9,9.2,1.8884415793442622,540
47.0,9.7,1.8878609703825138,541
46.9,8.5,1.887832423661202,542
46.0,9.3,1.887168450956284,543
46.2,5.8,1.8863781241530055,544
46.6,7.1,1.8860613168579234,545
46.7,7.4,1.8859721148770492,546
45.9,9.2,1.8855510691967214,547
46.3,6.5,1.8854066315464477,548
46.1,9.0,1.8851703117486338,549
46.7,7.5,1.8846826865846995,550
47.2,10.2,1.884367279644809,551
46.7,7.3,1.8838403878142076,552
46.1,8.9,1.8833720590710379,553
46.0,9.2,1.8829114394535518,554
45.9,9.1,1.8815997980765025,555
46.8,8.1,1.8813545441803277,556
46.1,8.7,1.881339485491803,557
46.4,6.8,1.8810959019125684,558
46.1,8.8,1.8808422001912568,559
46.3,6.4,1.8802586895355191,560
45.9,8.6,1.880112350601093,561
46.3,5.9,1.8794039287978141,562
46.3,6.0,1.8793506407650273,563
46.0,9.1,1.8789250388251364,564
46.9,8.4,1.878664574535519,565
46.3,6.1,1.8784599890437157,566
47.3,10.6,1.8782354420765028,567
45.9,9.0,1.8779926869672132,568
47.3,10.7,1.877561848497268,569
46.6,7.0,1.8771630110928963,570
46.3,6.3,1.8770441850546447,571
46.3,6.2,1.8770420743715848,572
47.1,9.8,1.8766635297814207,573
46.3,5.8,1.876252690737705,574
45.9,8.9,1.8760836507103826,575
47.0,9.6,1.8753024411748633,576
46.0,9.0,1.8749907752185793,577
45.9,8.8,1.8746248276666664,578
47.2,10.1,1.8745898250546444,579
47.3,10.5,1.8740618557923496,580
46.0,8.9,1.8734652640846994,581
46.4,6.7,1.8732748229508196,582
46.7,7.2,1.873136921420765,583
45.9,8.7,1.873051465259563,584
46.5,6.9,1.8729674949726776,585
46.0,8.7,1.8727874332240437,586
46.0,8.8,1.872004861147541,587
46.4,6.6,1.870175914863388,588
47.0,9.0,1.8700805278961747,589
47.0,9.5,1.8694838622950818,590
47.0,9.1,1.869446490601093,591
47.0,9.4,1.8684095455464482,592
46.4,5.9,1.867257879480874,593
46.4,6.5,1.8667522648633876,594
46.4,6.0,1.8665108873497265,595
46.4,5.8,1.8660854877322408,596
47.0,9.3,1.8660824637978142,597
47.2,10.0,1.865626373989071,598
47.0,8.9,1.8654427610655735,599
47.3,10.4,1.8652239472131147,600
46.4,6.1,1.8642358344535517,601
46.9,8.3,1.862531630054645,602
46.6,6.9,1.8622356991803277,603
46.7,7.1,1.862075590601093,604
47.0,9.2,1.8618775001639343,605
46.4,6.4,1.8617798505737706,606
46.4,6.2,1.8604115357103823,607
47.2,9.9,1.8598997375409838,608
46.4,6.3,1.8597187412021858,609
47.0,8.8,1.8592883128961746,610
47.1,9.7,1.859189684125683,611
46.8,8.0,1.8586820276775957,612
46.7,7.0,1.8580310607103823,613
46.5,6.8,1.856393240655738,614
46.8,7.9,1.8548733024043713,615
46.5,5.9,1.854513255942623,616
46.5,5.8,1.8537258718032787,617
46.5,6.0,1.8535850281967212,618
47.3,10.3,1.8516935985519125,619
46.5,6.1,1.8512892862568306,620
47.2,9.8,1.8502829490710382,621
46.8,7.8,1.8501257274863385,622
46.7,6.9,1.849773118306011,623
47.0,8.7,1.849476834535519,624
46.5,6.7,1.8494304057650273,625
46.6,5.9,1.8478392803551915,626
46.5,6.2,1.8472808753825138,627
47.1,9.6,1.8471166075956282,628
46.6,5.8,1.847049662035519,629
46.6,6.0,1.847000005273224,630
46.6,6.8,1.8463873669398905,631
46.5,6.6,1.8454934458743169,632
46.8,7.7,1.845434723715847,633
46.6,6.1,1.8446263969398906,634
46.5,6.5,1.8437286754371587,635
46.6,6.7,1.8436179844371583,636
46.8,7.2,1.8434103573224043,637
46.5,6.3,1.8433740118852457,638
46.8,7.3,1.8431571315300546,639
46.6,6.6,1.8426743156557375,640
47.3,10.2,1.8423041985519126,641
46.9,8.2,1.8420555047978142,642
46.5,6.4,1.8420438399453551,643
46.8,7.4,1.8418815094535521,644
46.7,5.9,1.8417708170382512,645
46.8,7.6,1.8412944717103825,646
46.7,6.0,1.8411716407240437,647
46.6,6.5,1.8409294475683062,648
46.6,6.2,1.8409256178961748,649
46.7,5.8,1.8407878294672129,650
47.1,9.5,1.8407438199726778,651
46.8,7.1,1.8407029107103827,652
46.8,7.5,1.8405596334863388,653
47.1,9.3,1.8405289634262294,654
46.7,6.5,1.8398273126502733,655
47.1,9.2,1.8398237227595629,656
47.1,9.4,1.839771662513661,657
46.7,6.8,1.8396001709016394,658
46.6,6.4,1.839289417295082,659
46.7,6.4,1.8390342723387978,660
46.6,6.3,1.8388545497267756,661
46.7,6.6,1.838749897964481,662
46.7,6.1,1.8387393980737703,663
46.7,6.3,1.838458145327869,664
47.1,9.1,1.8382238298360654,665
46.7,6.2,1.838168956161202,666
47.0,8.6,1.8381104713661203,667
46.8,6.4,1.8378108290710384,668
46.7,6.7,1.8373884132786886,669
46.8,6.3,1.837298262338798,670
46.8,6.2,1.836915303087432,671
46.8,7.0,1.8367679273907105,672
46.8,6.1,1.8365157781693988,673
46.8,6.0,1.836185278169399,674
46.8,6.5,1.8355768008743172,675
46.8,5.9,1.8353287349180327,676
47.2,9.7,1.8349670116120218,677
47.4,10.5,1.8343166918032785,678
46.9,8.1,1.834141284945355,679
46.8,5.8,1.8341240096994536,680
47.1,9.0,1.834033045819672,681
47.4,10.6,1.833776341885246,682
47.4,10.4,1.8331582097267758,683
47.4,10.7,1.8331369303551917,684
47.3,10.1,1.8328855723497268,685
46.8,6.6,1.8327741469398908,686
46.8,6.9,1.832712848442623,687
46.9,6.4,1.8314555080163932,688
46.9,6.3,1.8306854098770489,689
46.8,6.7,1.8304114975300547,690
46.8,6.8,1.8303053642213116,691
46.9,6.2,1.8298718307923498,692
47.1,8.9,1.8294753082240438,693
46.9,6.1,1.8293453036202187,694
46.9,8.0,1.8290620138524591,695
47.0,8.5,1.8288391842076503,696
46.9,6.0,1.828832189579235,697
46.9,6.5,1.8284956049726775,698
46.9,7.9,1.8282879904371587,699
47.4,10.3,1.8278357255191258,700
46.9,5.9,1.8277818802185792,701
46.9,7.0,1.8277277431420764,702
46.9,5.8,1.8265757156010929,703
46.9,7.1,1.826469854726776,704
47.9,10.5,1.826025855191257,705
47.9,10.6,1.8259745344808742,706
47.9,10.7,1.8259304982240439,707
46.9,7.8,1.8256405325819671,708
46.9,6.6,1.8250778522677595,709
47.9,10.4,1.8249714932513663,710
47.0,6.4,1.8248017845491804,711
47.2,9.1,1.8244517213633884,712
47.0,6.3,1.824418289918033,713
47.1,8.8,1.8242988002185792,714
46.9,6.9,1.82372033465847,715
47.3,10.0,1.8236686916393443,716
47.2,9.2,1.8232976244945358,717
47.2,9.6,1.8231805100546448,718
47.0,6.2,1.823155252103825,719
46.9,7.2,1.8227526947267758,720
47.9,10.3,1.8226255622677598,721
47.2,9.0,1.8223000727595626,722
46.9,6.7,1.8222818091256832,723
47.0,6.5,1.8220770797103825,724
47.0,6.1,1.821935306010929,725
47.5,10.6,1.821836038224044,726
46.9,6.8,1.8218034699180328,727
47.5,10.5,1.8217901807923498,728
47.5,10.7,1.8215918740437156,729
46.9,7.7,1.8214480483879782,730
47.0,6.0,1.8213109692076501,731
47.2,9.3,1.8204299891092894,732
47.5,10.4,1.820429101612022,733
46.9,7.3,1.8202715971038248,734
47.0,5.9,1.8201619556830602,735
47.9,10.2,1.8193265865027324,736
47.4,10.2,1.8190812076229508,737
46.9,7.4,1.8190698142076502,738
47.0,5.8,1.8189507759972676,739
47.8,10.7,1.8188457051639344,740
47.8,10.6,1.8188134521857924,741
47.8,10.5,1.818645503032787,742
47.2,8.9,1.8186076306830599,743
47.3,9.9,1.8183893646584701,744
47.0,6.6,1.818192640751366,745
47.5,10.3,1.8179023883606555,746
46.9,7.5,1.8178128142349725,747
47.8,10.4,1.8177543738251365,748
47.0,8.4,1.8175691474863385,749
46.9,7.6,1.817446369180328,750
47.1,6.3,1.8172869917213117,751
47.1,6.4,1.8171763842896176,752
47.2,9.5,1.8165545566120218,753
47.9,10.1,1.8160134369945355,754
47.1,6.2,1.8158825728961747,755
47.2,9.4,1.8155827486338796,756
47.1,6.1,1.8153066787431693,757
47.8,10.3,1.8148091533879782,758
47.1,6.5,1.8148036019125684,759
47.0,6.7,1.8145336089344262,760
47.1,6.0,1.8143298239836065,761
47.0,6.8,1.8140600846448087,762
47.5,10.2,1.8139517312021856,763
47.1,5.9,1.8136549911584696,764
47.2,8.8,1.8135759540163934,765
47.1,8.7,1.813468440327869,766
47.3,9.8,1.813256386420765,767
47.0,6.9,1.813083279180328,768
47.9,10.0,1.8127183895628418,769
47.1,5.8,1.8124382948251367,770
47.7,10.7,1.8116209046448088,771
47.8,10.2,1.8115444982513662,772
47.7,10.6,1.8113189438251365,773
47.7,10.5,1.8108873333606557,774
47.1,6.6,1.8108543999453552,775
47.0,7.0,1.810594577650273,776
47.6,10.7,1.8105702505737706,777
47.7,10.4,1.8104146902185791,778
47.6,10.6,1.8103975150819671,779
47.9,9.9,1.8100651519125683,780
47.6,10.5,1.8099029024316942,781
47.3,9.1,1.8098115023879782,782
47.4,10.1,1.8097183280327869,783
47.3,9.0,1.8090587448360655,784
47.6,10.4,1.8089662001092897,785
47.2,5.9,1.8086458335956286,786
47.2,6.0,1.8086176923770492,787
47.3,9.2,1.8084482462841531,788
47.8,10.1,1.8082263046174865,789
47.2,5.8,1.808020536819672,790
47.3,9.7,1.8077867397677594,791
47.3,8.9,1.807738226803279,792
47.2,6.3,1.8076641690163933,793
47.0,8.3,1.8076384793442624,794
47.9,9.8,1.8074298720218578,795
47.2,6.1,1.8074192721857925,796
47.2,6.4,1.8071577713114753,797
47.7,10.3,1.8071480412295082,798
47.1,6.7,1.806895286874317,799
47.2,6.2,1.8067041519398905,800
47.6,10.3,1.8062092085519124,801
47.5,10.1,1.8057444306284154,802
47.0,7.1,1.8053098340983609,803
47.2,6.5,1.8050957920491806,804
47.3,9.3,1.8050896314781422,805
47.8,10.0,1.805026064234973,806
47.3,8.8,1.8046563478551911,807
47.9,9.7,1.8046028001912566,808
47.7,10.2,1.8037762874043715,809
47.3,5.9,1.8032257920601091,810
47.3,5.8,1.8030507503415303,811
47.3,6.0,1.803049689590164,812
47.1,6.8,1.802975846191257,813
47.6,10.2,1.8028376031693987,814
47.2,8.7,1.8024417407650275,815
47.8,9.9,1.8022489128688524,816
47.9,9.6,1.8021210993715846,817
47.0,8.2,1.8019538114071039,818
47.0,8.0,1.801953449672131,819
47.1,8.6,1.80188504226776,820
47.3,6.1,1.8018320140027322,821
47.0,7.9,1.8016348909836064,822
47.0,8.1,1.8015910246448086,823
47.4,10.0,1.8012975076885245,824
47.0,7.2,1.8011759772131146,825
47.2,6.6,1.8011549391092898,826
47.0,7.8,1.8009953484972678,827
47.7,10.1,1.800409175737705,828
47.3,6.2,1.8003014671147544,829
47.9,9.5,1.7997059589617488,830
47.3,9.4,1.7996141552459015,831
47.8,9.8,1.799324192295082,832
47.0,7.7,1.7992705027978144,833
47.3,6.3,1.7991820998087433,834
47.0,7.3,1.7989156776393442,835
47.6,10.1,1.7988465472404371,836
47.3,9.6,1.7981636431857924,837
47.9,9.4,1.7981506821311477,838
47.3,6.4,1.797890285,839
47.0,7.4,1.7977846594262297,840
47.5,10.0,1.7977496292896176,841
47.1,6.9,1.7977324790983606,842
47.7,10.0,1.7973024934972677,843
47.4,8.8,1.7972693068989074,844
47.2,6.7,1.7971697771857924,845
47.4,8.7,1.7969181628142075,846
47.4,5.9,1.7969137628251368,847
47.4,5.8,1.7966891724590164,848
47.4,8.9,1.7966794753551913,849
47.3,9.5,1.796675793456284,850
47.0,7.5,1.7966144793715848,851
47.4,6.0,1.7965514905901638,852
47.5,8.7,1.7964299960928962,853
47.3,8.7,1.796339941229508,854
47.9,9.3,1.796303457978142,855
47.4,9.1,1.7962984839344263,856
47.4,9.0,1.795545988896175,857
47.0,7.6,1.795488542978142,858
47.4,6.1,1.7954714644808742,859
47.6,8.7,1.7954689495355192,860
47.4,9.9,1.795329935,861
47.3,6.5,1.795224301284153,862
47.5,8.8,1.7950451849726776,863
47.4,9.2,1.7950281933497267,864
47.9,9.2,1.794637891338798,865
47.6,8.8,1.7944092113114753,866
47.5,8.6,1.7943303039344263,867
47.4,8.6,1.793851169114754,868
47.4,6.2,1.7937964067896175,869
47.7,8.7,1.7937234436338798,870
47.6,8.6,1.7936981585245901,871
47.2,8.6,1.7935716512295081,872
47.9,9.1,1.7931553783333334,873
47.7,8.8,1.7930250909562844,874
47.6,10.0,1.7929585098360656,875
47.8,9.7,1.79261368284153,876
47.2,6.8,1.7924436408196722,877
47.1,7.0,1.7923920632240438,878
47.7,9.9,1.792205709453552,879
47.4,6.3,1.7920960613934427,880
47.8,8.8,1.7920841890983605,881
47.3,8.6,1.7920278174207647,882
47.7,8.6,1.791998302021858,883
47.6,8.5,1.7919017057650275,884
47.9,9.0,1.7918522809562842,885
47.8,8.7,1.7917422860655738,886
47.5,8.5,1.7916935436885244,887
47.4,9.3,1.7915861546885243,888
47.5,8.9,1.791476762349727,889
47.3,6.6,1.7912560690437156,890
47.5,9.9,1.7911497949726776,891
47.4,8.5,1.7907853677759562,892
47.9,8.8,1.7907392721857924,893
47.9,8.9,1.7906834279781423,894
47.7,8.5,1.7903670959289617,895
47.8,8.6,1.7902726012841532,896
47.1,8.5,1.7902630604098362,897
47.4,9.8,1.790144235136612,898
47.6,8.9,1.7901049473224044,899
47.9,8.7,1.7900921718579235,900
47.4,6.4,1.7897523367486339,901
47.5,5.9,1.7895501967595628,902
47.5,5.8,1.789276172748634,903
47.8,8.5,1.7892095689890712,904
47.9,8.6,1.7891454322404372,905
47.5,6.0,1.7891361643442625,906
47.3,8.5,1.7889162749180327,907
47.7,8.4,1.788253101338798,908
47.9,8.5,1.7881923239617485,909
47.7,8.9,1.7881555758469945,910
47.6,8.4,1.7881496457650274,911
47.5,6.1,1.788124774606557,912
47.5,8.4,1.7877611390163937,913
47.8,9.6,1.7877069433333332,914
47.4,8.4,1.7874056091803279,915
47.8,8.4,1.7873834778142077,916
47.8,9.4,1.7873627634699452,917
47.3,6.7,1.7872687560382512,918
47.1,7.1,1.787032876871585,919
47.2,6.9,1.7868538026775957,920
47.4,6.5,1.7867128452459018,921
47.8,8.9,1.786640944262295,922
47.9,8.4,1.786550395601093,923
47.8,9.3,1.7864750657103823,924
47.5,6.2,1.7864371282404372,925
47.2,8.5,1.7862007770765025,926
47.4,9.4,1.78611943663388,927
47.8,9.5,1.7858220172677597,928
47.5,9.0,1.785575581639344,929
47.6,9.9,1.785485316693989,930
47.3,8.4,1.7853787307814206,931
47.7,8.3,1.7852218169672134,932
47.5,9.1,1.784935828306011,933
47.8,9.2,1.7847492789617487,934
47.8,8.3,1.784736015409836,935
47.7,9.8,1.7847086288251366,936
47.5,6.3,1.7846381501366122,937
47.5,9.8,1.7845212436065574,938
47.4,9.7,1.7843737090573775,939
47.1,8.4,1.784155962852459,940
47.9,8.3,1.7838016111748634,941
47.8,9.1,1.7833346152459013,942
47.5,9.2,1.783202421502732,943
47.6,9.0,1.7829670282240437,944
47.4,6.6,1.7827425226229507,945
47.3,6.8,1.7827232135519129,946
47.8,9.0,1.7826657233879781,947
47.1,7.2,1.782479072896175,948
47.5,6.4,1.7822969512295084,949
47.6,8.3,1.7822380848907105,950
47.2,8.4,1.7821699743169401,951
47.6,5.9,1.7820722927213117,952
47.6,6.0,1.7816867652896176,953
47.6,5.8,1.7816778717759565,954
47.7,9.0,1.7812459647267758,955
47.2,7.0,1.780992402103825,956
47.5,8.3,1.7809638679234974,957
47.4,9.5,1.7809437850409835,958
47.8,8.2,1.7807368138251367,959
47.1,7.3,1.7807218371857927,960
47.6,6.1,1.7806698450956284,961
47.1,8.0,1.7804935431557376,962
47.9,8.2,1.7802797109289619,963
47.1,7.9,1.7802772734426229,964
47.1,8.1,1.7802028334972682,965
47.4,8.3,1.7801723207103828,966
47.1,7.8,1.7796021756284153,967
47.1,7.4,1.7795229359836064,968
47.1,8.2,1.7794528697814207,969
47.1,8.3,1.779298557885246,970
47.5,9.3,1.77926265284153,971
47.5,6.5,1.7792273139617487,972
47.6,6.2,1.7788862863224046,973
47.4,6.7,1.7787646262568308,974
47.6,9.1,1.7785614553825138,975
47.1,7.5,1.7785447205027323,976
47.7,8.2,1.7783459948087434,977
47.3,8.3,1.7783419692213114,978
47.4,9.6,1.777821375464481,979
47.9,7.6,1.7777928627595627,980
47.1,7.7,1.7777008952185793,981
47.1,7.6,1.7771738224590163,982
47.6,6.3,1.7770833808743167,983
47.3,6.9,1.7769099081256832,984
47.9,8.1,1.7767570196448084,985
47.9,7.7,1.776744282568306,986
47.5,9.7,1.7766371290983607,987
47.6,9.8,1.7765563534699453,988
47.7,9.1,1.7765193018032788,989
47.2,8.3,1.7756156582349725,990
47.5,6.6,1.7755098633060107,991
47.7,9.7,1.7755071158469944,992
47.8,8.1,1.775407950819672,993
47.2,7.1,1.775372843196721,994
47.6,8.2,1.775221771693989,995
47.9,7.8,1.7750148997540982,996
47.7,9.2,1.774943963114754,997
47.6,6.4,1.774890875748634,998
47.5,9.4,1.7745441842076501,999
47.7,9.3,1.774497066038251,1000
47.9,8.0,1.7744855707103826,1001
47.4,6.8,1.7744772722404372,1002
47.7,5.9,1.7741862055573772,1003
47.5,8.2,1.7738323573497268,1004
47.7,5.8,1.773668096953552,1005
47.7,6.0,1.7734800686065573,1006
47.9,7.9,1.7732505010382513,1007
47.7,9.4,1.7728982796721313,1008
47.4,8.2,1.7726599580874316,1009
47.9,7.5,1.7725819172404373,1010
47.6,9.2,1.7719413671038253,1011
47.7,6.1,1.7718571562841532,1012
47.5,6.7,1.7716980837158471,1013
47.6,6.5,1.771643297021858,1014
47.7,8.1,1.7713760839344261,1015
47.5,9.5,1.7709185360245903,1016
47.3,8.2,1.770798328371585,1017
47.2,8.0,1.7706570417622949,1018
47.3,7.0,1.7706556231967214,1019
47.7,9.6,1.7705606500819673,1020
47.2,8.1,1.7705055963661203,1021
47.2,7.9,1.7704397763797817,1022
47.2,8.2,1.7703458983060107,1023
47.2,7.2,1.7702766295628416,1024
47.7,6.2,1.770064926939891,1025
47.7,9.5,1.7695848642349727,1026
47.8,8.0,1.7695632767759564,1027
47.2,7.8,1.7695546320765028,1028
47.2,7.3,1.7690194830054644,1029
47.4,6.9,1.7684186833606559,1030
47.5,9.6,1.7683303364754097,1031
47.7,6.3,1.7682209380601093,1032
47.6,9.3,1.7682159253278689,1033
47.6,8.1,1.7681927906284154,1034
47.6,6.6,1.7681204131420767,1035
47.5,6.8,1.7677007967213114,1036
47.8,7.6,1.7675693503551915,1037
47.6,9.7,1.7674836880327869,1038
47.2,7.4,1.7671816976502732,1039
47.9,7.4,1.7668951800000003,1040
47.5,8.1,1.7666681578142074,1041
47.8,5.9,1.76657022284153,1042
47.8,7.7,1.7662912542349727,1043
47.8,6.0,1.7662521287704918,1044
47.8,7.8,1.7662126052732239,1045
47.7,6.4,1.7661973384972678,1046
47.8,7.9,1.7657851975956285,1047
47.8,5.8,1.7656523395382515,1048
47.2,7.7,1.765411687387978,1049
47.4,8.1,1.7652890656284153,1050
47.7,8.0,1.765098085737705,1051
47.6,9.4,1.7649090806284151,1052
47.2,7.5,1.7647518651639347,1053
47.3,7.1,1.7646892162295083,1054
47.3,8.1,1.7644128934153005,1055
47.6,6.7,1.76438964784153,1056
47.8,6.1,1.764206652650273,1057
47.2,7.6,1.7629802821584701,1058
47.7,6.5,1.7627955251092895,1059
47.8,7.5,1.762259459112022,1060
47.4,7.0,1.7621804616393444,1061
47.6,9.5,1.7618886975409838,1062
47.7,7.9,1.761804325136612,1063
47.6,9.6,1.7616484345081969,1064
47.8,6.2,1.7614510468196725,1065
47.5,6.9,1.761449176147541,1066
47.6,8.0,1.7613356682513661,1067
47.9,7.3,1.7612931466284152,1068
47.3,8.0,1.7611034569945356,1069
47.6,6.8,1.7607289410765026,1070
47.5,8.0,1.7602007104098363,1071
47.7,6.6,1.7592753808469943,1072
47.3,7.2,1.759158702281421,1073
47.9,5.9,1.7591145767076501,1074
47.4,8.0,1.759112443661202,1075
47.7,7.1,1.759077767568306,1076
47.9,6.0,1.759067205234973,1077
47.7,7.8,1.7589996489617488,1078
47.3,7.9,1.7589481124863386,1079
47.6,7.1,1.7589305178415298,1080
47.8,6.3,1.7588717373606555,1081
47.7,7.0,1.758562485191257,1082
47.7,7.2,1.7585232531420762,1083
47.6,7.2,1.758459488989071,1084
47.6,7.9,1.7584404044808741,1085
47.6,7.0,1.758413486338798,1086
47.9,5.8,1.7581619063879783,1087
47.6,6.9,1.757897591748634,1088
47.5,7.0,1.757731666885246,1089
47.8,7.2,1.7574210235382512,1090
47.7,7.3,1.7572063922131145,1091
47.6,7.3,1.757054000901639,1092
47.3,7.3,1.7569225483333333,1093
47.7,7.7,1.7568638756557378,1094
47.5,7.9,1.7568256157103825,1095
47.8,6.4,1.7568059466448085,1096
47.8,7.4,1.7566605294535518,1097
47.9,6.1,1.756645121543716,1098
47.8,7.1,1.756422683497268,1099
47.9,7.2,1.756393746956284,1100
47.7,7.6,1.7563127557923495,1101
47.7,6.9,1.7562033982131147,1102
47.5,7.1,1.7561647342076503,1103
47.7,6.7,1.75608799763388,1104
47.8,7.3,1.7560578446448085,1105
47.4,7.1,1.755988393224044,1106
47.5,7.2,1.7558666500000002,1107
47.6,7.8,1.7557155063661203,1108
47.3,7.8,1.7554529421584701,1109
47.8,7.0,1.7552295585792352,1110
47.7,7.5,1.7551020532786887,1111
47.7,7.4,1.7548187140983609,1112
47.7,6.8,1.754802233374317,1113
47.6,7.4,1.7546619353825135,1114
47.4,7.9,1.7543924093442622,1115
47.5,7.3,1.7543174332786884,1116
47.4,7.2,1.753974825601093,1117
47.5,7.8,1.7539047728688526,1118
47.9,6.2,1.7535278700655736,1119
47.8,6.5,1.7533242832240434,1120
47.3,7.4,1.7532338152732243,1121
47.6,7.7,1.7529410962295078,1122
47.9,7.1,1.7520371893989073,1123
47.6,7.5,1.7519395813661203,1124
47.5,7.4,1.7517968803825137,1125
47.6,7.6,1.7514122430054644,1126
47.4,7.3,1.7510230383879781,1127
47.3,7.7,1.7505211984562843,1128
47.9,6.3,1.7504639509398907,1129
47.8,6.6,1.7499531085573774,1130
47.4,7.8,1.7498645893442624,1131
47.8,6.9,1.749509051489071,1132
47.3,7.5,1.74940137931694,1133
47.5,7.7,1.7492945392076504,1134
47.3,7.6,1.7482597967486337,1135
47.5,7.5,1.7479862796174863,1136
47.4,7.4,1.7476242311202186,1137
47.5,7.6,1.7474506686065574,1138
47.9,6.4,1.7472744104125684,1139
47.8,6.7,1.7467894969508198,1140
47.9,7.0,1.7465624076393442,1141
47.8,6.8,1.7464106419398908,1142
47.4,7.7,1.7449266298907102,1143
47.9,6.5,1.7441002281557378,1144
47.4,7.5,1.7438057429234972,1145
47.4,7.6,1.7430815459016396,1146
47.9,6.6,1.7409923933333333,1147
47.9,6.9,1.7406631883196724,1148
47.9,6.8,1.7380084607377049,1149
47.9,6.7,1.7378776141666665,1150
